emotion,dist_l,dist_r,dist_eyes,dist_mouth_nose,hght_mouth,wdth_mouth
a,74.4311762637,68.0294054068,155.012902689,71,54,205
su,78.0896920214,75.1664818919,150.003333296,115,131,178
c,78.6384130054,78.7718223732,155.0,75,66,206
h,83.0060238778,81.0246875958,143.003496461,52,73,251
n,82.1522975942,80.0,157.0,81,76,205
n,83.2165848855,86.5390085453,155.012902689,85,73,204
n,85.2877482409,89.554452709,157.012738337,82,69,201
n,89.1964124839,87.0919054792,156.012819986,84,74,197
n,83.486525859,79.0063288604,159.0,83,72,201
n,82.2982381342,79.0,158.003164525,86,64,195
n,81.1541742611,85.7962703152,156.012819986,81,78,199
n,83.486525859,79.1580697087,153.0,81,77,203
n,79.5110055275,76.1642960973,161.00310556,77,75,199
n,81.3941029805,78.1024967591,157.0,81,76,207
n,84.7584804017,77.1038261048,155.003225773,83,78,210
n,87.6641317758,87.0919054792,156.003205095,86,78,211
n,86.0232526704,87.6641317758,163.027605024,83,67,220
h,83.0060238778,88.7693640847,155.003225773,71,70,237
h,85.0529246999,89.3196506935,154.003246719,66,68,238
h,86.005813757,86.9770084563,151.003311222,54,74,251
h,46.3249392876,48.6621002424,147.013604813,54,59,250
h,49.2544414241,50.0099990002,143.01398533,49,64,257
h,85.023526156,90.6200860737,153.003267939,51,73,257
h,85.1469318296,83.0963296422,150.003333296,52,74,263
h,85.0,88.6002257333,149.013422214,48,77,267
h,83.0,81.0246875958,146.003424617,53,69,252
h,82.0243866176,81.0061726043,149.003355667,49,73,255
h,87.0057469366,91.5478017213,154.012986465,51,70,250
h,80.0562302385,85.615419172,156.012819986,74,67,228
n,79.2275204711,83.3846508657,153.003267939,81,67,209
n,79.4040301244,82.5408989532,156.003205095,79,69,207
a,76.4198926982,80.777472107,155.012902689,79,70,203
a,78.3134726596,81.3449445264,153.003267939,82,70,207
a,80.399004969,81.7067928633,151.013244452,83,65,207
a,82.2982381342,83.0060238778,155.012902689,77,66,204
a,84.5931439302,78.1024967591,159.003144623,73,64,208
a,80.1560977094,80.4114419719,153.013071337,75,67,212
a,83.2406150866,82.8733974204,152.013157325,73,68,207
a,78.2304288624,79.4795571201,148.00337834,79,65,210
a,82.1522975942,81.7067928633,150.003333296,78,63,209
a,81.3019064967,81.3449445264,152.003289438,74,69,205
a,80.1560977094,82.0792300159,153.0,77,63,203
a,77.3175271203,78.9240140895,154.003246719,75,73,200
n,71.4492827116,68.7313611098,161.0,81,75,205
su,70.3491293478,69.4622199472,155.0,99,76,197
su,74.3303437366,76.1642960973,147.013604813,100,88,194
su,77.5241897733,74.1080292546,150.003333296,101,99,179
su,70.7106781187,71.2530701093,152.0,94,109,182
su,68.4689710745,70.256672281,149.003355667,107,97,180
su,80.7527089329,77.3175271203,151.003311222,106,111,179
su,85.5862138431,81.0555365166,150.0,103,122,173
su,86.2844134244,83.2165848855,151.0,99,143,177
su,67.8969807871,69.1809222257,144.013888219,113,135,167
su,69.7208720542,70.1783442381,148.013512897,112,131,167
su,71.0211236183,70.256672281,146.0,110,134,176
su,73.5459040328,71.4492827116,145.003448235,114,123,172
su,68.6585755751,67.3646791724,151.013244452,116,118,179
su,74.8131004571,73.1710325197,154.0,101,120,181
su,75.5380698721,72.2495674728,146.0,107,98,176
su,74.6726188104,73.5527021937,153.013071337,100,113,174
su,72.2495674728,73.2461603089,155.012902689,102,109,180
su,73.6817480792,70.1141925718,154.012986465,94,108,188
su,72.8354309385,71.3442359269,163.0,106,83,186
n,72.8354309385,69.5844810285,158.003164525,96,84,194
n,72.6911273815,68.3593446429,163.003067456,102,58,193
n,67.6017751246,64.1248781675,161.00310556,91,62,201
sa,71.4492827116,68.1835757349,159.0,83,66,212
a,73.1641988954,69.1809222257,161.0,80,63,211
a,74.1687265632,76.9675256196,149.013422214,73,64,209
a,74.1484996477,68.3593446429,159.003144623,74,55,201
sa,73.1710325197,75.3923072999,147.003401321,75,66,205
sa,79.6994353807,75.7693869581,158.012657721,74,54,206
sa,75.953933407,67.1192967782,159.003144623,74,55,210
sa,79.3095202356,77.2528316633,155.0,75,53,207
sa,76.6550715869,77.0778826902,157.0,74,58,208
o,65.9241988954,62.3939099592,164.003048752,115,69,189
o,53.0848377599,79.605276207,129.55693729,64,95,204
h,70.0357051796,65.1229606207,164.003048752,73,122,230
o,55.9016994375,52.7730992078,130.0,66,128,224
h,83.0060238778,84.0773453434,135.014814002,58,101,240
n,84.5813218152,83.3846508657,142.031686605,91,70,205
n,76.9025357189,70.0642562224,150.013332741,95,65,201
n,76.6876782802,71.0281634283,152.003289438,95,65,197
n,79.5110055275,77.0064932327,155.02902954,91,67,198
n,93.9840411985,82.0975030071,146.030818665,89,66,192
n,83.1925477432,65.192024052,146.030818665,86,68,193
n,85.2349693494,94.847245611,143.0,87,66,197
o,69.89277502,83.5703296631,138.003623141,73,81,206
n,83.0060238778,87.2353139503,142.088000901,93,61,211
o,53.0848377599,79.605276207,129.55693729,64,95,204
o,50.6359556047,72.0069441096,135.447406767,68,94,202
o,50.6359556047,72.0069441096,135.447406767,68,94,202
o,55.3624421427,73.3552997404,139.014387745,69,91,199
n,76.6550715869,72.0,153.029408938,85,66,201
n,67.4759216313,67.007462271,158.003164525,82,65,198
n,66.6108099335,65.06919394,160.003124969,86,64,197
n,65.3758365147,65.1229606207,158.0,87,66,197
n,65.3758365147,65.1229606207,158.0,87,66,197
n,65.4904573201,67.1192967782,160.0,87,65,202
n,82.4621125124,86.8158971618,143.03146507,85,61,210
n,64.6297145282,64.0078120232,156.0,84,66,206
n,65.3758365147,63.0079360081,157.003184681,79,71,200
o,66.2419806467,55.0363516233,150.013332741,76,76,178
o,69.4622199472,59.076221951,148.013512897,76,75,184
o,69.4622199472,59.076221951,148.013512897,76,75,184
o,66.0378679244,58.2151183113,153.013071337,75,78,180
o,68.0955211449,59.3043000127,154.029218007,79,77,179
o,65.7951365984,61.1310068623,155.003225773,88,75,179
o,67.186308129,65.06919394,158.003164525,92,76,170
o,65.9696900099,67.007462271,151.013244452,87,73,169
n,86.3307592924,104.995237987,144.03124661,89,59,206
o,72.8354309385,77.5241897733,145.124084838,90,76,166
o,69.6347614342,73.0616178304,156.028843487,90,75,173
n,63.7887137353,62.128898268,159.078596926,92,74,174
n,67.082039325,62.0080639917,161.049681776,103,73,165
o,70.8590149522,66.2721661031,159.028299368,110,83,182
o,62.8012738724,61.6603600379,159.050306507,109,73,190
o,66.4830805544,63.1981012373,166.027106221,112,70,191
n,84.4334057112,83.1685036537,142.014083809,88,61,208
o,65.1152823844,61.1310068623,160.028122529,112,69,185
o,64.3272881443,59.1354377679,162.00308639,110,72,181
o,66.9103878333,62.0725382114,162.00308639,112,74,189
n,84.7584804017,88.5663593019,140.032139168,85,69,209
n,85.492689746,106.404887106,143.055933117,83,69,217
n,83.2165848855,86.3133825082,140.0571312,81,71,213
h,85.9069263797,103.392456205,140.032139168,66,76,218
h,80.9938269253,86.3133825082,136.033084211,63,87,227
h,83.0060238778,84.0773453434,135.014814002,58,101,240
h,80.777472107,78.7146746166,141.014183684,61,111,244
h,77.6208734813,76.1577310586,141.014183684,62,118,240
o,24.6981780705,37.0135110466,131.061054475,62,124,235
o,46.0977222865,53.3385414124,126.003968191,66,93,219
o,47.6759897642,49.1629942131,126.0,73,90,217
o,47.6759897642,49.1629942131,126.0,73,90,217
o,54.5618914628,72.3463889907,134.033577883,99,101,182
o,55.542776308,83.486525859,134.134261097,104,99,181
o,66.9103878333,68.0955211449,124.486947107,68,131,209
o,63.9061812347,68.2641926635,141.014183684,98,113,170
o,73.0068489938,64.0078120232,151.052970841,89,100,196
o,73.0068489938,64.0078120232,151.052970841,89,100,196
o,69.1809222257,66.1211010193,153.05227865,104,105,178
o,67.0671305484,63.1981012373,156.012819986,97,96,188
o,66.1211010193,60.1331855135,155.051604313,92,81,197
o,74.6726188104,70.0,165.0,109,87,204
h,75.4254598925,70.0071424927,163.003067456,110,101,204
h,77.5241897733,72.0277724215,165.003030275,110,93,206
h,75.6637297521,71.0,165.012120767,107,75,202
o,74.8131004571,69.0289794217,167.002993985,109,77,208
o,74.5452882482,68.0,167.011975619,106,85,214
h,70.0357051796,65.1229606207,164.003048752,73,122,230
su,96.3327566303,93.776329636,159.050306507,109,132,211
n,81.5965685553,75.0266619276,163.003067456,92,41,223
n,101.212647431,84.8645980371,167.002993985,96,77,210
h,96.0416576283,87.8179936004,170.0,67,109,262
n,85.842879728,79.4040301244,171.011695506,96,67,214
h,75.6637297521,80.0562302385,167.026943934,94,69,227
h,84.480767042,84.8645980371,164.012194669,92,73,223
h,83.2946576918,86.005813757,158.012657721,96,73,229
h,87.1320836432,86.7294644282,164.012194669,96,95,230
h,94.5409963984,88.2553114549,173.0,104,110,228
su,100.603180864,91.1975876874,169.026625122,108,130,223
su,96.2548700067,87.0919054792,168.01190434,109,128,219
su,93.6482781475,92.4770241736,167.002993985,108,129,217
su,97.7394495585,94.2443632267,165.012120767,106,136,213
su,91.2414379545,90.0777441991,161.027947885,104,151,206
su,99.6092365195,95.3362470417,151.029798384,107,151,214
su,93.5360892918,91.0219753686,157.028659805,105,150,210
su,96.6281532474,97.3087868592,158.028478446,106,128,205
n,76.1642960973,76.9675256196,162.0,96,48,225
a,80.6535802057,75.6439025963,156.012819986,94,43,225
a,82.6377637645,100.419121685,152.003289438,95,45,223
a,79.5550124128,72.8010988928,158.0,93,44,228
a,81.3449445264,74.3236167042,157.012738337,93,44,225
a,90.426765949,74.6726188104,164.0,90,45,224
a,88.5889383614,76.8960337079,160.003124969,90,50,225
a,80.5046582503,78.5493475466,155.0,91,45,229
a,79.3788384899,77.1621668954,145.003448235,95,43,228
a,90.0499861188,74.6726188104,152.0,103,36,219
a,77.1621668954,71.8679344353,152.013157325,101,40,219
a,79.5550124128,73.3893725276,159.003144623,104,44,218
a,83.2946576918,78.9240140895,153.029408938,106,48,214
n,99.8498873309,84.3089556334,163.003067456,96,66,213
n,101.710373119,84.1546195999,162.00308639,92,72,210
n,100.498756211,84.1546195999,170.011764299,94,70,215
n,98.7927122818,84.3089556334,170.011764299,93,68,214
n,89.7385090137,83.934498271,160.003124969,93,74,215
n,85.8661749468,83.3846508657,161.00310556,93,73,213
n,98.412397593,91.3016976841,155.003225773,93,72,211
n,99.9849988748,84.3089556334,168.002976164,94,78,212
n,87.3212459829,82.8613299435,164.0,96,79,211
n,100.498756211,86.0348766489,171.011695506,90,82,212
n,98.9797959182,85.4400374532,166.0,92,81,212
n,98.8837701547,85.7962703152,163.003067456,90,81,214
n,99.1261822124,83.934498271,162.027775397,89,83,206
n,100.169855745,91.7877987534,170.026468528,89,80,213
n,86.3481325797,82.5408989532,169.026625122,92,78,211
n,100.184829191,89.8943824719,168.002976164,86,82,212
n,101.597244057,92.5904962726,167.011975619,86,95,218
h,103.247275993,85.094065598,164.012194669,83,95,218
h,101.242283657,93.6482781475,169.011833905,78,100,221
h,102.0,104.89041901,159.0,74,102,227
h,106.887791632,97.9438614718,156.003205095,79,105,239
h,94.8946784599,87.8179936004,160.003124969,66,108,258
h,93.2952303175,86.4522989862,165.012120767,69,105,255
h,92.9623579735,79.7119815335,166.012047756,70,105,259
h,92.1791733528,85.492689746,160.028122529,65,105,258
h,81.5965685553,81.9390017025,159.028299368,67,103,255
h,81.9084855189,82.5408989532,167.107749671,68,106,259
h,96.8968523741,75.2396172239,170.0,66,108,260
h,89.9444272871,80.4114419719,155.012902689,64,104,262
h,94.3663075467,83.1685036537,162.012345209,64,100,259
h,92.7846970141,82.0792300159,165.012120767,71,101,250
h,93.9414711403,83.934498271,162.027775397,83,91,237
h,98.8837701547,85.094065598,158.028478446,75,92,227
h,98.270036125,83.934498271,169.026625122,90,87,220
n,97.6165969495,80.9938269253,168.01190434,87,83,217
n,88.2326470191,83.7735041645,164.012194669,88,86,218
n,100.647901121,85.7962703152,168.01190434,87,80,215
n,97.2471079261,82.0792300159,164.012194669,90,77,215
n,98.9797959182,81.1541742611,164.027436729,93,71,217
n,85.1586754242,83.2165848855,170.026468528,93,71,216
n,88.955044826,85.4400374532,164.012194669,92,72,215
n,98.488578018,87.3155198118,163.027605024,93,70,214
n,97.0618359604,85.2349693494,163.049072368,96,68,212
n,98.270036125,83.2165848855,168.002976164,96,69,213
n,59.3043000127,59.3043000127,154.051939293,88,52,212
h,60.0,60.0083327547,157.012738337,44,100,305
n,76.3216876124,58.0775343829,151.082758778,79,46,216
a,51.2249938995,42.3792402008,154.20765221,65,51,217
h,57.3149195236,58.4208866759,152.013157325,62,91,272
n,70.4556598152,58.137767415,152.05262247,81,48,211
n,69.4622199472,58.0344725142,152.05262247,94,46,211
n,59.1354377679,58.0344725142,157.028659805,87,53,209
n,58.137767415,58.0,153.05227865,84,52,214
n,58.137767415,59.076221951,154.051939293,88,49,210
n,56.2227711875,57.3149195236,153.029408938,88,48,215
n,56.0357029045,55.4436651025,153.05227865,87,46,211
n,58.0344725142,57.2188780037,153.029408938,89,49,212
n,77.6981338257,65.0076918526,151.052970841,81,54,231
h,96.6643677888,95.4620343383,146.054784242,65,71,258
h,95.2732911156,95.078914592,155.051604313,59,75,267
h,91.2359578237,90.0777441991,154.051939293,55,75,273
h,86.7698104181,78.1024967591,159.050306507,49,75,285
h,72.4016574396,58.0775343829,157.050947148,49,83,298
h,58.137767415,57.0,152.029602381,40,96,308
h,58.0,57.008771255,153.029408938,48,94,311
h,57.1401785086,55.0363516233,154.029218007,44,100,307
h,57.008771255,56.0089278598,153.029408938,44,96,310
h,71.0633520178,67.007462271,154.081147452,44,98,301
h,93.3005894944,96.2081077664,147.030609058,47,96,306
h,70.0071424927,68.0,156.051273625,44,96,304
h,59.0338885726,57.008771255,156.028843487,50,99,303
h,57.008771255,57.0350769264,157.028659805,47,95,300
h,58.0775343829,57.0350769264,156.051273625,50,97,301
h,57.0350769264,56.0089278598,157.079597657,42,99,304
h,59.0084739677,57.008771255,155.051604313,46,100,302
h,57.008771255,58.0344725142,162.027775397,45,91,300
h,60.0,59.0338885726,157.050947148,43,98,300
h,66.0,62.0080639917,157.028659805,77,75,268
n,74.0945342114,59.076221951,157.050947148,86,56,217
n,74.0945342114,59.076221951,157.050947148,86,56,217
n,62.128898268,58.0344725142,154.051939293,75,45,212
n,77.1751255263,62.0080639917,154.081147452,78,45,212
n,77.0259696466,60.0749531835,152.05262247,80,46,214
n,76.0591874792,59.2114853723,151.082758778,76,46,214
n,77.6981338257,61.0,150.029997001,74,48,209
n,76.0065786626,59.0338885726,151.082758778,72,47,220
n,76.0065786626,59.0338885726,151.082758778,72,47,220
n,74.9466476902,58.0775343829,151.082758778,75,46,216
n,74.3303437366,57.008771255,154.051939293,75,48,225
n,73.7834669828,59.0338885726,151.052970841,74,50,213
n,76.6093989012,58.0344725142,153.05227865,77,47,211
n,75.7165767847,59.1354377679,151.119158282,75,48,217
n,71.5611626513,55.0090901579,152.118374958,76,47,210
n,75.1664818919,58.0086200491,153.081677545,75,49,211
a,58.412327466,45.3982378513,154.116838794,82,47,212
a,55.2268050859,46.6904701197,158.113883008,73,49,215
a,54.083269132,56.4003546088,151.211772029,69,51,208
a,54.2033209315,45.3541618818,154.20765221,67,50,210
a,52.4309069157,47.539457296,151.119158282,71,51,212
a,51.0392006207,43.1740662898,158.202402005,70,50,222
a,50.0,40.6078810085,154.262762843,61,53,212
a,54.5618914628,41.3037528561,155.206314305,74,47,211
a,53.4134814443,42.5793377121,154.324333791,65,51,225
a,49.8196748283,40.5215991787,152.397506541,80,47,219
a,52.6307894678,41.0,152.210380724,70,47,212
a,50.6063237155,42.7551166529,156.320184237,70,49,213
a,51.2249938995,44.72135955,155.32224567,66,50,207
a,52.4976189936,44.6430285711,155.261070459,77,46,223
a,51.2249938995,41.2310562562,155.32224567,75,47,223
a,53.2634959423,44.3846820423,154.262762843,69,52,211
a,52.6307894678,53.8237865632,155.157984003,71,49,217
n,69.2603782837,62.2896460096,149.120756436,86,48,225
n,74.4311762637,70.7106781187,149.083869013,82,52,227
h,73.4370478709,72.0277724215,150.053323855,88,65,238
h,71.1125867902,68.066144301,150.083310198,84,72,254
h,72.6911273815,70.3491293478,153.029408938,81,72,251
h,72.4430811051,71.0211236183,155.051604313,77,80,262
h,69.3541635376,73.1710325197,153.029408938,77,79,258
h,63.6396103068,62.6498204307,150.029997001,68,90,267
n,80.622577483,74.5452882482,156.051273625,73,67,237
h,73.2461603089,73.2461603089,156.080107637,47,92,280
sa,76.791926659,76.9415362467,152.029602381,56,69,233
sa,67.7200118133,77.8781098898,155.116085562,61,93,245
su,84.480767042,80.5046582503,151.013244452,69,149,222
n,77.4144689318,73.3348484692,152.029602381,74,68,236
n,80.622577483,74.5452882482,153.029408938,76,64,231
n,81.3941029805,76.4198926982,154.029218007,75,64,235
n,77.2334124586,72.0069441096,141.014183684,75,66,231
n,82.3893196962,75.5380698721,152.013157325,75,63,234
n,79.6303962065,73.3348484692,153.029408938,74,63,235
n,79.3095202356,75.4254598925,155.012902689,74,64,235
n,73.2461603089,71.0070419043,143.003496461,77,66,222
n,81.3941029805,76.1642960973,153.003267939,71,63,228
n,78.7718223732,74.5452882482,153.029408938,72,64,235
n,78.2304288624,74.966659256,155.003225773,70,64,235
n,78.5175139698,76.2364742102,156.028843487,69,64,234
n,79.6303962065,75.6637297521,158.012657721,73,65,234
h,78.6384130054,76.4198926982,152.013157325,58,94,248
h,75.1065909225,76.0065786626,147.003401321,71,74,235
h,75.2396172239,74.4311762637,156.003205095,49,102,277
h,73.8241153012,73.1710325197,160.028122529,49,85,283
h,73.4370478709,74.2428447731,158.003164525,48,94,289
h,73.5527021937,84.9058301885,156.012819986,51,84,282
h,73.3348484692,81.8840643837,159.050306507,47,91,287
h,72.1734023031,73.6817480792,157.079597657,49,89,284
h,72.3394774656,80.5294977012,158.050624801,46,93,284
h,77.5241897733,86.4522989862,159.078596926,52,92,276
h,84.0773453434,85.0,159.050306507,55,78,265
h,73.1095069057,71.0070419043,147.030609058,63,72,241
h,76.0591874792,73.027392121,150.053323855,59,71,247
h,71.0633520178,70.0642562224,151.029798384,63,76,245
h,71.0070419043,70.1783442381,151.052970841,60,71,247
h,90.6200860737,85.615419172,146.054784242,68,69,246
n,80.3056660517,88.323269867,154.051939293,68,77,238
n,85.3814968245,92.7846970141,158.079094127,76,74,231
n,75.4254598925,75.4254598925,154.051939293,74,70,227
n,76.791926659,79.9061950039,154.116838794,66,67,234
n,74.1080292546,72.1734023031,149.030198282,63,71,226
sa,75.4254598925,76.4198926982,152.05262247,52,67,233
sa,74.8131004571,77.6466354712,153.05227865,55,71,235
sa,79.6303962065,78.7718223732,153.05227865,56,74,231
sa,73.1641988954,75.802374633,155.012902689,52,67,234
sa,77.7817459305,76.5310394546,150.053323855,54,71,237
sa,79.4040301244,77.9294552785,154.051939293,57,69,233
sa,76.5310394546,73.6817480792,153.05227865,55,82,236
sa,75.2396172239,74.6726188104,151.013244452,57,84,237
sa,74.1687265632,73.4370478709,150.013332741,58,80,233
n,74.3303437366,72.4430811051,152.013157325,52,79,234
n,75.1065909225,73.3348484692,147.013604813,56,82,236
n,75.6637297521,78.6384130054,152.05262247,59,72,234
n,75.709972923,76.1183289359,150.053323855,61,68,237
n,73.6817480792,77.6659513558,152.082214608,63,70,240
n,71.2530701093,70.3491293478,145.055161921,64,74,219
n,75.0266619276,76.9415362467,149.083869013,65,79,231
sa,66.8505796534,68.1835757349,143.03146507,65,96,233
sa,68.0073525437,75.5049667241,145.124084838,68,85,241
sa,68.6221538572,77.8781098898,152.118374958,58,95,246
sa,70.8378429937,78.7718223732,154.081147452,60,87,244
sa,59.5399025864,67.3646791724,151.052970841,76,67,239
sa,61.5223536611,68.4689710745,148.084435374,70,81,240
sa,60.5309838017,65.3758365147,151.082758778,81,69,240
sa,64.7765389628,69.4622199472,149.083869013,80,71,237
sa,66.4830805544,68.2641926635,150.013332741,57,93,243
n,77.3175271203,79.9061950039,155.051604313,56,90,237
su,82.1522975942,80.2246844805,153.029408938,90,121,222
su,85.5862138431,87.2811548961,154.003246719,80,142,215
su,84.480767042,84.8528137424,157.012738337,79,150,206
su,86.2844134244,88.3628881375,157.028659805,79,146,214
su,85.4751425854,87.3670418407,157.012738337,74,142,213
su,83.7257427557,83.7257427557,154.003246719,77,138,216
su,80.3056660517,79.4040301244,153.013071337,70,143,221
su,80.1560977094,79.1580697087,153.029408938,95,106,209
su,81.1541742611,78.3134726596,155.02902954,78,135,218
su,78.1600921187,77.4144689318,157.028659805,85,107,216
n,65.0,62.2012861603,153.003267939,84,64,236
h,49.1629942131,50.4876222455,158.003164525,61,76,280
a,59.4390444069,58.2494635168,160.0,77,64,241
n,49.3355855342,44.9221548904,156.012819986,81,62,217
su,71.0633520178,69.0651865993,152.029602381,75,106,263
n,80.1124210095,72.0624728968,153.003267939,81,67,226
n,56.3205113613,54.5893762558,154.012986465,83,61,223
n,53.0094331228,51.4781507049,154.012986465,82,65,227
n,55.1452627158,48.3735464898,153.003267939,83,65,232
n,56.1426753905,50.1597448159,152.029602381,83,63,228
n,52.1536192416,48.3735464898,155.003225773,81,64,224
n,55.0817574157,50.3587132481,151.013244452,83,65,226
n,51.1566222497,48.5077313425,151.013244452,84,64,230
n,56.0357029045,53.2353266168,153.013071337,83,65,226
n,54.2309874518,49.2544414241,151.029798384,83,67,229
n,53.2353266168,48.6621002424,152.013157325,85,63,223
n,51.0392006207,48.6621002424,152.003289438,83,66,228
n,55.0817574157,49.2544414241,153.0,85,64,232
n,53.0377224247,51.3517283059,157.028659805,84,64,226
n,53.0377224247,50.6359556047,155.012902689,85,65,228
n,53.0377224247,51.3517283059,154.029218007,84,66,234
n,52.038447325,49.3659801888,154.003246719,76,66,242
h,53.0377224247,50.2493781056,159.012578119,76,65,252
h,55.0090901579,51.1566222497,160.0,62,69,269
h,53.0094331228,49.0917508345,159.0,62,72,275
h,53.0377224247,52.1536192416,157.003184681,63,79,282
h,54.0370243444,52.2398315464,157.012738337,67,76,279
h,50.1597448159,51.1566222497,159.028299368,58,83,276
h,51.0881590978,50.3587132481,160.0,63,78,284
h,52.038447325,51.3517283059,157.003184681,55,79,282
h,52.1536192416,51.1566222497,160.012499512,65,73,282
h,51.0,49.0917508345,158.012657721,62,76,276
h,52.038447325,50.2493781056,158.0,62,76,275
h,51.1566222497,52.3450093132,160.012499512,59,73,276
n,53.4602656185,50.6359556047,165.0,79,67,254
a,57.3149195236,55.1089829338,159.0,78,67,241
a,56.8858506133,55.7853027239,159.003144623,78,65,240
a,57.2712842531,55.9016994375,160.003124969,78,63,231
a,63.2455532034,60.8769250209,161.00310556,79,66,239
a,53.1413210223,52.4976189936,160.0,75,63,226
a,58.8217646794,57.2800139665,159.0,79,69,233
a,54.7448627727,54.8178802947,160.0,76,62,237
a,54.5710545986,52.6307894678,161.0,77,69,232
a,59.4642749893,57.008771255,160.012499512,80,70,239
a,57.008771255,55.9732078766,161.0,80,67,241
a,61.3514466007,57.4891294072,157.003184681,77,67,240
a,59.6824932455,57.2712842531,155.003225773,78,65,238
a,59.4642749893,55.3172667438,158.012657721,75,66,228
a,56.7186036499,55.542776308,161.00310556,74,67,236
a,58.5491246732,57.4282160614,152.013157325,75,70,239
n,51.4781507049,49.7292670366,157.003184681,74,76,238
n,53.8516480713,50.2891638427,157.003184681,78,71,234
n,52.6307894678,48.2700735446,154.081147452,85,67,205
n,50.5964425627,42.7200187266,157.012738337,83,64,222
n,47.9270278653,40.5215991787,153.003267939,82,66,224
n,43.931765273,40.8044115262,157.003184681,79,70,222
n,48.8466989673,39.2173431023,155.012902689,82,63,214
n,51.2640224719,40.5215991787,151.029798384,82,64,219
n,46.8401537145,41.9761837236,153.029408938,80,69,214
n,51.6236379966,40.5215991787,154.003246719,78,68,216
n,50.3289181286,41.7612260356,155.012902689,76,70,220
n,47.4341649025,41.2310562562,152.013157325,79,70,211
n,49.7694685525,42.1544778167,153.013071337,81,68,227
n,46.8401537145,42.3792402008,155.003225773,77,71,230
n,53.3666562565,49.4772675074,150.013332741,75,71,225
n,49.8196748283,47.539457296,156.012819986,76,79,244
h,46.872166581,49.6487663492,156.051273625,78,83,256
h,68.1175454637,66.0302960769,153.05227865,75,80,258
su,71.0281634283,69.1158447825,154.003246719,73,106,258
su,75.0599760192,73.2461603089,152.029602381,68,116,265
su,74.1080292546,73.2461603089,152.013157325,73,112,255
su,73.2461603089,73.2461603089,155.02902954,76,109,266
su,73.0616178304,73.0616178304,154.029218007,72,104,259
su,73.0068489938,71.0070419043,151.052970841,67,117,261
su,73.0,73.0616178304,153.05227865,69,114,260
n,82.8613299435,84.3089556334,165.027270474,93,71,183
h,80.3616824115,74.0270220933,168.01190434,66,108,243
sa,79.3788384899,73.0616178304,165.0,99,69,188
su,77.9294552785,74.0270220933,168.002976164,95,98,201
a,73.3893725276,66.0302960769,165.003030275,95,67,184
n,98.0306074652,98.6154146166,156.012819986,91,67,189
n,83.1685036537,79.0253124005,167.047897323,92,71,191
n,76.1183289359,81.859635963,169.026625122,94,71,193
n,80.8949936646,76.1051903618,167.026943934,88,73,187
n,82.5408989532,84.5813218152,165.027270474,90,67,189
n,77.7817459305,81.859635963,167.026943934,94,64,190
n,83.5224520713,85.8661749468,164.027436729,92,66,188
n,82.5408989532,83.1925477432,164.012194669,92,69,190
n,81.6088230524,82.7647267862,168.026783579,91,72,194
n,82.5651258099,83.7735041645,166.027106221,91,74,188
n,84.4334057112,84.5813218152,164.012194669,89,73,187
n,83.1685036537,84.5813218152,168.01190434,91,72,194
n,77.6466354712,76.0065786626,167.011975619,88,73,191
n,80.9938269253,73.0616178304,169.011833905,88,70,187
n,80.9938269253,74.0067564483,169.011833905,90,71,193
n,78.1856764376,77.0778826902,167.011975619,93,71,190
n,81.3449445264,84.0773453434,166.003012021,93,73,190
h,83.1685036537,83.1925477432,167.002993985,88,73,200
h,83.3846508657,78.0,168.0,74,96,224
h,81.8840643837,76.0065786626,168.002976164,73,98,228
h,79.6303962065,75.0066663704,168.0,68,101,230
h,82.2800097229,74.0270220933,169.002958554,65,107,242
h,76.9415362467,72.0069441096,167.002993985,62,111,242
h,77.5241897733,73.027392121,165.003030275,67,111,249
h,78.4091831357,75.0066663704,169.002958554,65,109,244
h,76.6550715869,71.0281634283,168.002976164,66,101,245
h,76.5310394546,71.0,170.0,65,107,242
h,76.6550715869,73.0068489938,172.002906952,65,104,243
h,79.6994353807,72.0069441096,168.01190434,69,102,245
h,75.5380698721,71.0633520178,168.002976164,62,105,243
h,79.6303962065,73.0068489938,166.003012021,67,107,243
h,77.7817459305,72.1110255093,170.026468528,69,105,241
h,75.5380698721,71.0633520178,167.011975619,67,104,240
h,79.4040301244,74.1687265632,167.002993985,65,103,240
h,80.956778592,74.0270220933,169.011833905,68,104,240
h,74.6726188104,72.0624728968,173.0,69,100,236
n,74.8131004571,71.0070419043,170.0,81,91,212
n,78.7464284904,74.0270220933,169.002958554,92,78,192
n,81.9084855189,76.0,168.002976164,96,76,190
n,82.2192191644,76.0065786626,168.0,94,78,190
sa,84.1189633793,78.0256368125,171.011695506,99,73,187
sa,80.956778592,84.0951841665,166.027106221,98,72,184
sa,82.2192191644,82.7647267862,167.026943934,99,68,186
sa,77.4919350642,72.0624728968,165.027270474,99,70,186
sa,80.956778592,74.0,169.002958554,98,69,187
sa,81.6088230524,83.258633186,168.047612301,103,72,183
sa,82.2192191644,77.0064932327,167.011975619,103,68,183
sa,79.6994353807,75.0599760192,169.0,101,69,186
n,76.2430324685,70.0071424927,165.012120767,97,68,187
n,82.8613299435,84.5813218152,168.002976164,93,72,192
n,80.0062497559,74.1687265632,171.002923952,104,71,187
su,84.1189633793,77.0584193972,166.003012021,104,114,184
su,91.7605579756,82.0548596976,164.003048752,108,119,184
su,84.7171765346,77.1621668954,162.027775397,110,113,180
su,86.5794432877,80.0562302385,167.011975619,110,106,183
su,80.399004969,75.0066663704,166.027106221,110,109,178
su,82.8733974204,76.1051903618,165.027270474,106,104,185
su,85.7029754443,76.026311235,163.012269477,105,114,185
su,82.6075057123,76.0065786626,167.011975619,102,100,192
su,84.5044377533,74.0067564483,168.026783579,97,105,195
su,76.5310394546,74.0,171.011695506,96,99,195
su,78.6384130054,77.0259696466,169.002958554,94,100,197
su,82.5408989532,77.0064932327,168.002976164,96,95,202
su,74.3303437366,72.0069441096,163.0,97,90,203
su,75.5380698721,72.0,168.002976164,86,92,201
n,79.6994353807,74.0270220933,169.011833905,98,79,188
n,77.2528316633,79.1770168673,162.0,95,65,171
n,73.7360156233,67.007462271,163.012269477,98,64,173
a,74.0945342114,67.007462271,165.003030275,96,65,179
a,71.5122367151,66.0,165.0,95,66,180
n,83.8152730712,81.1541742611,159.012578119,82,86,212
h,71.4492827116,70.0642562224,152.013157325,62,117,261
sa,80.2807573457,78.6384130054,154.0,87,77,212
su,90.5538513814,90.4488805901,153.003267939,109,152,172
o,71.309185944,69.6419413859,153.0,92,74,193
n,76.5375724726,74.4311762637,160.028122529,82,79,214
n,72.1734023031,75.0599760192,152.003289438,78,90,211
n,79.1201617794,76.4198926982,159.012578119,81,92,209
n,77.7946013551,79.4040301244,161.049681776,79,93,211
n,86.9770084563,89.8109124773,146.003424617,80,93,212
n,81.9084855189,79.1580697087,160.028122529,81,81,211
n,80.777472107,76.0591874792,156.028843487,79,73,207
n,84.4334057112,91.4166286843,151.013244452,86,72,209
n,85.7263086806,93.9414711403,152.013157325,86,71,206
n,80.956778592,80.1560977094,154.012986465,86,74,214
n,81.2711510931,77.1621668954,158.050624801,86,76,210
n,80.0062497559,76.2364742102,160.012499512,84,76,208
n,77.4919350642,76.4198926982,157.012738337,89,73,210
n,77.4919350642,77.2334124586,158.012657721,84,77,214
n,76.8960337079,75.1065909225,154.003246719,80,75,227
h,77.8331548892,74.0270220933,158.012657721,69,88,241
h,77.2010362625,75.1065909225,162.012345209,59,100,255
h,77.1621668954,74.2428447731,162.027775397,63,103,254
h,77.2010362625,73.1710325197,164.027436729,62,101,255
h,75.9605160593,74.0270220933,157.012738337,61,104,256
h,77.2010362625,75.1664818919,159.012578119,62,110,263
h,78.1088983407,74.0270220933,157.028659805,58,114,257
h,76.8960337079,73.1095069057,156.028843487,59,118,262
h,75.2728370662,73.1095069057,160.078105936,58,115,263
h,78.5493475466,74.0067564483,161.049681776,59,116,263
h,80.2309167341,74.1080292546,161.049681776,57,112,263
h,74.6726188104,72.1110255093,161.111762451,57,113,259
h,75.2728370662,73.3348484692,159.050306507,68,103,243
n,74.3303437366,74.3303437366,158.028478446,74,92,223
n,78.1600921187,79.1012010023,155.012902689,86,81,215
n,80.6535802057,81.0246875958,158.003164525,88,78,211
n,82.2253002427,81.3019064967,159.012578119,92,74,208
n,77.8845299145,78.2304288624,157.0,90,74,211
sa,79.5550124128,78.9176786278,157.003184681,89,78,214
sa,80.8084154033,78.7718223732,157.0,88,77,215
sa,81.2526922631,81.7435012707,155.0,86,77,210
sa,80.3616824115,77.5241897733,152.0,92,77,213
sa,77.6208734813,75.802374633,154.0,93,79,208
sa,78.5875308176,76.2364742102,156.003205095,91,77,208
sa,77.8845299145,75.5380698721,159.0,89,88,212
su,79.0569415042,75.3259583411,163.012269477,91,116,186
su,79.7119815335,78.2304288624,160.04999219,88,139,188
su,87.3670418407,84.2911620515,150.003333296,107,150,181
su,95.5248658727,92.1357693841,154.003246719,108,159,175
su,90.1997782702,88.0908621822,152.003289438,110,157,176
su,96.4209520799,92.2659200355,157.003184681,108,157,177
su,93.4344690144,92.4391691871,155.003225773,107,157,172
su,89.5600357302,86.469647854,155.003225773,107,153,174
su,90.5538513814,87.6926450736,155.02902954,105,156,179
su,84.7171765346,84.480767042,154.003246719,102,158,178
su,89.2748564827,88.0908621822,156.012819986,105,151,178
su,91.5478017213,92.3471710449,157.003184681,102,154,176
su,76.6550715869,80.2246844805,156.003205095,97,151,172
su,71.700767081,72.5603197347,158.012657721,96,106,194
a,71.3862731903,72.6911273815,158.012657721,94,91,207
a,73.4982993001,74.6726188104,156.003205095,92,83,205
a,72.5327512232,73.6817480792,156.028843487,99,75,200
a,68.4105255059,68.8839603972,157.0,97,75,201
a,65.5209890035,70.8378429937,156.0,99,72,195
a,71.1688133946,68.3593446429,155.003225773,101,77,197
a,70.5761999544,68.3593446429,152.0,99,79,199
a,69.2314957227,69.5844810285,154.003246719,95,77,195
a,69.3757882838,71.1688133946,151.0,98,75,194
a,63.6003144646,65.0,150.0,97,77,199
a,68.4105255059,69.6419413859,153.0,97,76,196
a,68.0073525437,69.5701085237,150.0,97,77,194
a,68.0073525437,70.3420215803,154.012986465,94,79,193
a,67.9117073854,70.6116137756,158.003164525,97,79,197
a,65.8027355054,80.8022276921,156.0,94,77,197
a,65.7343137182,68.4105255059,156.003205095,97,74,195
n,77.9294552785,75.5380698721,161.0,87,78,239
h,63.1506136154,60.1331855135,154.029218007,72,104,255
n,66.9103878333,65.06919394,154.029218007,85,70,233
n,69.2314957227,68.1835757349,153.081677545,88,74,229
su,67.082039325,65.3758365147,156.028843487,87,127,222
n,79.5110055275,75.5380698721,158.0,85,78,235
n,70.4556598152,66.1211010193,156.0,92,81,235
n,92.2659200355,90.0222194794,150.003333296,88,80,237
n,76.5310394546,75.1065909225,158.003164525,91,81,228
n,70.5761999544,69.2603782837,157.0,87,84,231
n,87.2066511225,84.0535543567,155.0,89,98,233
n,74.3303437366,73.1095069057,156.0,84,104,238
n,68.066144301,65.192024052,157.0,86,98,231
n,66.9103878333,65.192024052,156.003205095,87,91,234
n,67.082039325,63.1981012373,157.012738337,82,83,230
n,63.1506136154,61.2943716829,157.003184681,88,79,231
n,87.4642784227,82.0243866176,151.0,89,77,235
n,71.0211236183,67.0671305484,155.003225773,88,81,234
n,65.306967469,63.1268564083,156.012819986,91,77,233
n,62.9682459657,63.1268564083,157.028659805,92,78,232
n,63.9531078213,63.1268564083,153.05227865,89,75,235
h,66.2872536767,64.1950153828,155.02902954,90,81,232
h,69.8713102783,67.0671305484,155.012902689,87,82,237
h,66.2872536767,64.28063472,155.02902954,85,83,236
h,73.9797269527,70.1783442381,151.003311222,80,93,244
h,71.5681493403,68.066144301,156.028843487,76,112,248
h,62.9682459657,60.0083327547,154.029218007,74,109,247
h,87.2066511225,90.6200860737,149.013422214,73,103,258
h,71.1969100453,68.1835757349,154.051939293,71,102,256
h,65.4904573201,63.1268564083,157.079597657,73,92,255
h,60.207972894,59.076221951,155.051604313,73,99,261
h,58.4208866759,58.0344725142,152.05262247,71,92,261
h,60.827625303,59.076221951,153.081677545,74,93,259
h,64.28063472,63.0713881249,148.084435374,75,96,255
h,80.2246844805,78.1600921187,145.031031162,74,100,255
h,73.9797269527,70.0071424927,149.030198282,76,94,255
h,64.9384323802,63.0713881249,154.081147452,81,91,251
h,62.096698785,61.2045749924,152.05262247,86,89,250
h,62.8171950982,61.1310068623,153.081677545,88,86,245
h,73.5527021937,72.0069441096,151.052970841,92,82,239
n,75.953933407,74.0270220933,153.081677545,92,70,233
n,75.953933407,72.1110255093,152.05262247,86,72,236
n,66.9103878333,65.1229606207,155.080624193,83,72,238
n,65.1152823844,64.0702739186,152.05262247,84,72,235
n,66.0984114786,63.387695967,151.013244452,84,72,237
n,63.5609943283,62.3939099592,155.02902954,80,74,234
n,64.9384323802,64.1248781675,155.080624193,84,68,239
n,66.0984114786,63.1268564083,154.051939293,80,75,237
n,62.9682459657,61.2045749924,156.028843487,83,72,229
n,61.3921819127,59.2114853723,152.029602381,84,75,231
n,64.3272881443,63.1981012373,153.029408938,87,77,229
n,79.0759128939,83.7735041645,152.013157325,84,80,229
n,62.5859409133,60.6712452485,156.028843487,91,78,229
n,63.5609943283,62.3939099592,154.051939293,88,81,226
n,68.4470598346,67.186308129,156.028843487,98,74,227
n,67.4685111737,68.3593446429,156.051273625,92,71,229
n,67.2681202354,68.4689710745,155.080624193,95,68,226
n,68.249542123,65.4904573201,155.051604313,94,74,227
n,66.4906008395,65.2763356815,154.051939293,91,75,228
n,63.3482438588,63.387695967,153.081677545,91,80,229
n,64.1326749793,62.2012861603,153.05227865,91,80,225
n,65.9696900099,63.1981012373,154.051939293,87,85,226
n,65.306967469,63.387695967,154.081147452,88,79,229
n,79.9061950039,77.0584193972,157.028659805,86,81,236
n,68.249542123,65.4904573201,157.079597657,86,85,226
n,91.0823802939,86.1452262171,152.013157325,82,85,235
n,71.700767081,70.0642562224,155.051604313,82,109,227
n,65.7647321898,64.1248781675,155.051604313,86,108,225
su,68.6585755751,66.2721661031,157.11460785,81,127,230
su,68.249542123,65.1229606207,154.051939293,81,126,228
su,65.306967469,65.192024052,154.051939293,77,131,227
su,66.2872536767,65.192024052,154.081147452,84,129,226
su,67.4685111737,63.1981012373,156.012819986,87,124,228
su,87.1435597161,86.1452262171,147.030609058,80,135,225
su,71.700767081,72.0624728968,152.029602381,89,123,218
n,80.1560977094,80.2246844805,166.003012021,101,76,212
h,80.0562302385,82.2982381342,170.026468528,70,86,250
a,69.2603782837,69.5844810285,167.026943934,88,72,197
su,83.1504660239,76.3216876124,158.012657721,89,140,208
o,75.5380698721,75.4254598925,162.027775397,76,113,243
o,77.3175271203,73.1710325197,158.113883008,62,116,240
o,73.0616178304,69.2603782837,162.111073033,66,125,244
o,72.3394774656,69.2603782837,163.076669085,65,122,239
o,76.2364742102,77.1621668954,164.027436729,69,119,238
su,77.1038261048,75.1664818919,162.027775397,72,117,242
su,86.0523096727,84.1486779456,160.003124969,80,117,214
su,85.0529246999,80.2246844805,159.003144623,91,109,198
su,94.5780101292,82.4924238946,160.028122529,92,118,192
su,92.8493403315,80.7527089329,157.028659805,96,119,194
su,92.6984358013,81.4984662432,157.050947148,96,120,196
su,87.1435597161,80.5046582503,156.051273625,93,117,200
su,86.1452262171,79.5110055275,157.028659805,90,135,201
su,96.3846460802,81.3019064967,153.003267939,91,133,201
su,86.0523096727,79.2275204711,154.012986465,94,133,197
su,92.8493403315,78.4091831357,158.028478446,93,122,200
su,90.7854613911,76.3216876124,158.003164525,100,114,197
su,94.847245611,78.1024967591,156.0,95,126,199
su,93.6215787092,79.0253124005,154.003246719,94,139,200
su,79.9249648108,68.4689710745,160.028122529,95,114,194
su,89.0,77.4144689318,157.003184681,95,109,194
su,77.1038261048,74.3303437366,157.012738337,89,135,209
su,85.0058821494,79.1012010023,159.0,90,138,204
su,89.3196506935,81.3019064967,159.003144623,91,135,210
su,79.2275204711,78.5175139698,163.003067456,85,107,206
su,74.0607858451,72.2495674728,163.027605024,82,114,210
su,87.6641317758,80.099937578,163.0,87,103,213
su,75.1664818919,74.3303437366,163.003067456,87,91,204
n,77.2528316633,73.6817480792,161.012421881,95,72,209
n,76.6941979553,70.8590149522,166.012047756,87,70,210
a,73.3348484692,70.8590149522,166.027106221,88,72,211
a,78.3900503891,72.5603197347,163.003067456,87,72,201
a,74.2495791234,66.6108099335,164.076201809,86,72,206
a,72.4982758416,66.7532770731,165.003030275,88,74,201
a,69.2603782837,68.7313611098,163.012269477,86,74,202
a,73.9256383131,68.3593446429,163.003067456,86,65,202
a,73.9256383131,69.8713102783,160.003124969,82,68,197
a,70.4556598152,67.3646791724,161.00310556,87,73,208
a,76.5571681817,70.8590149522,162.027775397,82,74,206
a,68.9420046126,62.9682459657,165.012120767,87,69,196
a,75.7693869581,69.4622199472,164.012194669,86,74,194
a,80.0562302385,75.953933407,168.002976164,84,68,200
a,73.4098086089,67.6017751246,159.012578119,92,74,199
a,75.9605160593,72.5603197347,165.012120767,85,68,198
a,71.55417528,62.6498204307,161.012421881,88,66,197
a,73.7360156233,67.2681202354,167.0,86,67,199
a,74.0945342114,68.5930025586,166.243796877,85,63,200
a,75.2728370662,70.7106781187,163.049072368,87,61,189
a,72.2357252334,67.082039325,166.027106221,91,65,192
a,70.9365914039,66.4830805544,159.012578119,91,64,193
a,73.1641988954,67.082039325,158.113883008,95,66,193
a,68.4689710745,68.1175454637,157.028659805,92,65,202
a,74.5452882482,70.3491293478,161.00310556,94,73,209
n,81.7067928633,76.5310394546,163.0,91,70,214
n,79.0569415042,81.3019064967,167.0,89,76,224
h,81.0987052918,83.0963296422,167.011975619,74,83,250
h,77.1621668954,79.0569415042,167.047897323,77,84,247
h,78.0576709875,80.5046582503,165.027270474,75,84,246
h,81.0555365166,82.1522975942,169.002958554,77,83,250
h,80.099937578,81.1541742611,170.002941151,75,83,247
h,78.3134726596,81.2219182241,170.011764299,71,82,254
h,79.0569415042,80.099937578,169.026625122,74,82,250
h,79.0569415042,81.0987052918,169.002958554,71,85,252
h,82.0243866176,82.1522975942,170.011764299,69,86,251
h,80.024996095,81.1541742611,169.011833905,68,85,250
h,79.1012010023,80.2246844805,165.027270474,71,83,257
h,82.2982381342,82.2982381342,165.012120767,69,79,251
h,81.1541742611,81.2219182241,166.003012021,66,84,246
h,81.1541742611,80.1560977094,165.012120767,81,74,241
n,80.2246844805,80.399004969,165.003030275,95,74,226
n,82.2192191644,81.1541742611,166.027106221,100,74,215
c,76.8960337079,74.8465096047,160.003124969,86,60,206
su,97.3293378175,99.3680028983,172.002906952,109,128,169
sa,77.2334124586,73.0068489938,170.011764299,87,60,202
h,75.3259583411,77.0778826902,171.011695506,53,91,277
n,80.777472107,80.956778592,172.011627514,73,67,230
c,75.0266619276,79.7558775264,166.003012021,73,65,218
c,82.6801064344,78.5493475466,168.01190434,83,63,214
c,84.8763806957,77.6981338257,164.003048752,78,61,210
c,74.3303437366,77.6981338257,162.00308639,75,62,209
c,84.0595027347,73.4098086089,160.012499512,80,61,210
c,73.3757453114,73.0068489938,162.0,73,67,219
c,73.0547739713,73.1641988954,163.003067456,82,62,211
c,85.1469318296,82.6801064344,160.0,79,66,215
c,74.6324326282,73.0068489938,159.0,94,63,198
c,74.0405294417,73.7360156233,159.003144623,95,69,200
a,72.5327512232,72.4499827467,160.0,93,70,199
a,75.5843899228,76.8960337079,161.012421881,97,70,198
a,74.4647567645,75.6108457829,167.002993985,95,69,196
a,76.6550715869,74.9466476902,169.002958554,100,80,191
n,84.1189633793,83.0060238778,168.002976164,95,93,197
n,86.1278120005,81.9390017025,168.01190434,98,103,192
n,81.6088230524,81.1541742611,172.0,95,100,187
su,87.6413144584,87.8464569576,175.00285712,95,108,186
su,82.2009732302,83.934498271,170.002941151,97,118,184
su,83.1865373723,85.0,172.002906952,101,122,179
su,87.2983390449,87.4642784227,171.011695506,102,122,172
su,93.680307429,93.6375992858,173.002890149,96,141,163
su,102.396288995,99.6242942259,175.0,100,132,164
su,101.597244057,102.883429181,174.002873539,98,121,165
su,99.7246208316,96.5660395791,170.002941151,108,140,166
su,96.4209520799,96.0052081921,170.002941151,103,131,166
su,101.493842178,105.109466748,166.003012021,100,142,167
su,103.740059765,101.019800039,174.002873539,107,133,168
su,101.493842178,103.817146946,169.0,100,140,166
su,100.319489632,100.089959536,171.002923952,102,146,168
su,101.316336294,102.18121158,173.002890149,101,136,164
su,102.396288995,102.883429181,169.002958554,99,143,165
su,103.585713301,103.817146946,172.002906952,108,130,169
su,100.124921973,102.883429181,171.002923952,99,133,167
su,100.0,97.7394495585,172.002906952,96,138,171
su,105.171288858,101.592322545,170.0,95,137,175
su,91.7060521449,90.6200860737,172.0,101,130,174
su,84.2140130857,90.4709898255,170.026468528,105,110,173
su,88.6002257333,89.8999443826,172.026160801,98,109,175
su,84.1546195999,85.4283325367,167.002993985,93,109,176
su,84.5044377533,83.258633186,174.002873539,99,100,182
su,84.5044377533,82.7647267862,165.012120767,91,96,196
n,78.2304288624,81.437092286,166.0,95,77,202
n,82.2800097229,81.1541742611,167.002993985,92,67,213
n,79.3788384899,80.622577483,167.002993985,87,62,216
n,80.4114419719,80.5294977012,170.0,92,62,218
sa,79.4040301244,82.3468275042,165.012120767,86,63,211
sa,80.6535802057,78.7908624144,167.002993985,92,61,209
sa,76.791926659,78.9240140895,166.003012021,89,62,215
sa,82.6377637645,79.3095202356,170.002941151,89,61,202
sa,79.8498591107,78.3900503891,169.002958554,91,62,205
sa,70.7106781187,72.0138875496,170.026468528,92,59,220
sa,73.5527021937,77.3886296558,168.026783579,85,62,224
sa,76.3216876124,75.1531769122,172.002906952,86,58,214
sa,70.7106781187,75.5910047559,173.026009605,84,60,222
sa,70.4556598152,76.026311235,174.011493873,89,55,207
n,75.0266619276,74.6860093994,173.002890149,81,67,211
n,80.3243425121,78.7908624144,173.002890149,71,79,214
h,81.5965685553,79.705708704,176.0,70,87,224
h,78.1856764376,77.8267306264,168.01190434,61,93,270
h,81.1541742611,72.0,163.003067456,51,93,273
h,75.4254598925,79.2022726947,167.011975619,58,91,265
h,80.2309167341,70.1141925718,167.026943934,56,92,268
h,80.777472107,80.1124210095,166.003012021,63,90,271
h,85.0,78.2623792125,168.002976164,56,88,269
h,82.6377637645,80.9506022214,164.0,52,90,272
h,80.4114419719,81.8840643837,168.002976164,57,88,273
h,82.6377637645,82.7647267862,166.0,51,89,266
h,90.426765949,79.4795571201,171.026313765,64,84,255
h,91.7877987534,85.5862138431,175.025712397,71,80,256
a,69.8355210477,65.7419196556,145.003448235,111,44,227
su,101.980390272,100.846417884,136.003676421,120,77,197
n,83.1865373723,80.9506022214,140.003571383,108,44,220
h,83.1865373723,80.9506022214,140.003571383,108,44,220
n,84.528101836,85.9592926914,140.003571383,108,46,224
a,71.1196175468,66.7308024828,137.0,109,48,215
a,73.7902432575,70.7106781187,142.0,111,44,214
a,70.2139587262,67.1192967782,142.0,108,56,213
a,70.2139587262,66.1891229735,143.003496461,112,46,204
a,73.8241153012,69.3181073025,144.0,109,56,223
a,71.55417528,67.082039325,148.00337834,111,46,229
a,69.9714227381,65.7647321898,144.0,112,48,220
a,69.3541635376,66.2419806467,143.01398533,109,45,220
a,70.2139587262,68.9637585983,149.003355667,113,46,216
a,72.0069441096,67.9779375974,145.003448235,109,56,216
a,69.77105417,68.7968022513,141.0,109,44,217
a,74.303431953,71.1969100453,139.032370332,109,48,214
n,89.0,87.6584280032,140.0,111,55,215
n,90.8735385027,82.0548596976,141.0,112,56,213
n,91.2852671574,91.6787870775,140.014284985,116,47,202
n,90.8735385027,91.7060521449,140.003571383,112,71,210
n,97.508973946,93.5200513259,140.003571383,113,69,203
n,99.3176721435,99.8098191562,140.003571383,113,73,204
su,104.0,101.237344888,140.0,115,80,205
su,96.6643677888,93.9414711403,142.003521083,119,75,206
su,101.769347055,98.2344135219,142.003521083,118,81,202
su,104.388696706,100.319489632,144.00347218,119,79,202
su,104.546640309,99.1614844584,146.030818665,116,80,204
su,103.368273663,100.319489632,147.003401321,117,80,203
su,104.0,100.089959536,143.003496461,117,76,200
su,103.788245963,101.133575038,145.0,115,65,201
su,102.459748194,100.319489632,145.003448235,117,78,204
su,100.722390758,99.538937105,145.003448235,114,82,202
su,103.870111197,89.0224690738,142.003521083,118,71,196
su,103.469802358,99.4032192638,141.003546055,109,74,197
su,86.3307592924,86.8331733844,144.0,108,53,225
su,84.1189633793,84.7230783199,140.003571383,115,42,206
su,83.1865373723,83.7257427557,142.014083809,111,45,225
su,80.5294977012,80.9506022214,140.014284985,106,44,217
n,85.8661749468,77.0,143.01398533,105,51,219
n,88.5494212291,76.0,140.014284985,103,54,225
n,83.648072303,83.648072303,139.014387745,109,50,223
n,85.4283325367,76.026311235,142.003521083,106,47,226
n,83.6301381082,82.7345151675,139.003597076,105,50,223
n,80.49844719,82.7647267862,140.003571383,110,40,213
n,81.3019064967,80.2620707433,137.003649586,105,42,213
n,82.2982381342,81.4125297482,141.0,105,43,223
n,79.1580697087,80.062475605,143.003496461,105,44,224
n,79.1580697087,78.7210264161,140.003571383,109,43,229
n,76.4852927039,71.4492827116,142.003521083,110,51,232
n,77.8267306264,80.062475605,140.003571383,98,49,229
n,85.8661749468,86.3133825082,143.0,101,51,242
h,85.422479477,73.0616178304,143.03146507,79,74,273
h,88.1192374002,87.2353139503,140.003571383,75,61,280
h,88.5889383614,89.4706655838,140.003571383,77,70,281
h,88.5889383614,89.4706655838,140.003571383,77,70,281
h,88.5889383614,89.4706655838,140.003571383,77,70,281
h,88.5889383614,89.4706655838,140.003571383,77,70,281
h,88.5889383614,89.4706655838,140.003571383,77,70,281
h,88.5889383614,89.4706655838,140.003571383,77,70,281
h,88.5889383614,89.4706655838,140.003571383,77,70,281
h,88.5889383614,89.4706655838,140.003571383,77,70,281
h,86.9540108333,75.1664818919,144.00347218,69,65,278
h,90.3548559846,76.3216876124,138.0,87,61,264
h,89.185200566,75.1065909225,133.0,100,39,244
n,86.4522989862,71.0281634283,137.003649586,101,40,229
n,85.0881895447,73.0068489938,137.014597762,106,58,232
n,87.2353139503,75.0066663704,137.0,109,43,231
n,85.4751425854,74.0,138.0,109,54,233
n,86.0929730001,74.0,137.0,109,58,238
n,85.0,74.0270220933,136.0,111,44,230
n,84.5990543682,83.7257427557,137.0,110,40,231
n,85.4751425854,73.0,136.0,110,56,228
n,84.5990543682,73.0068489938,135.0,108,41,228
n,85.8661749468,74.0067564483,134.0,108,42,221
a,75.133215025,63.2850693292,162.0,89,57,218
su,86.209048249,90.0499861188,165.027270474,101,111,207
n,84.0951841665,86.005813757,170.011764299,89,59,203
h,92.3579991122,84.0238061504,169.011833905,47,100,263
n,88.0056816348,81.0246875958,171.002923952,83,60,206
c,66.3701740242,66.6108099335,165.012120767,92,50,209
c,70.1141925718,68.066144301,171.026313765,90,52,216
c,68.2641926635,68.2641926635,165.012120767,94,47,216
c,66.2721661031,66.1891229735,168.002976164,91,60,208
c,63.2850693292,63.1981012373,162.00308639,90,54,217
c,64.28063472,63.0713881249,168.01190434,92,48,219
a,66.2721661031,62.2896460096,163.027605024,87,55,216
a,73.8241153012,63.7887137353,163.012269477,90,53,213
a,74.2495791234,73.7902432575,164.003048752,91,51,212
a,77.0778826902,73.7902432575,167.002993985,94,46,212
a,79.705708704,73.9256383131,165.0,90,51,205
a,82.3468275042,80.49844719,167.002993985,94,57,209
a,73.027392121,71.0070419043,165.003030275,93,54,207
a,80.099937578,84.0951841665,166.0,94,55,205
n,84.1486779456,89.8999443826,169.0,93,57,207
n,83.1504660239,79.0253124005,168.002976164,90,59,207
n,87.1435597161,94.4298681562,169.002958554,92,64,214
n,89.0224690738,92.8493403315,171.002923952,97,65,201
n,89.0056178002,92.6120942426,171.002923952,95,74,200
su,88.2043082848,84.0,167.026943934,97,94,209
su,86.2844134244,86.0523096727,168.026783579,98,105,199
su,86.1452262171,86.005813757,165.012120767,95,112,199
su,86.0523096727,88.0056816348,164.027436729,97,109,201
su,87.0229854694,91.0878696644,165.012120767,97,110,198
su,86.209048249,91.0054943396,167.002993985,100,106,198
su,85.2877482409,93.1933474021,163.027605024,97,116,191
su,85.1469318296,88.0227243387,162.027775397,101,118,205
su,85.023526156,91.0219753686,165.027270474,94,115,210
su,89.0224690738,94.0212741883,168.026783579,100,86,203
n,80.1560977094,84.0059521701,166.012047756,96,74,198
n,82.0243866176,82.0243866176,166.012047756,91,63,207
n,91.9238815543,79.0,171.026313765,90,56,204
n,87.1435597161,80.0062497559,171.026313765,88,55,208
n,82.0548596976,78.0576709875,172.002906952,90,54,208
n,85.0058821494,87.2353139503,167.026943934,83,58,205
n,83.0240928888,76.0065786626,171.011695506,89,55,214
n,90.6200860737,79.0253124005,172.011627514,88,54,208
n,89.693923986,85.0881895447,166.027106221,91,57,203
n,87.8464569576,78.0,167.011975619,90,59,212
n,87.4642784227,76.026311235,168.026783579,93,55,214
n,88.1419309977,75.0266619276,163.012269477,88,58,200
n,87.8464569576,84.0951841665,172.011627514,87,56,209
n,82.0243866176,83.671978583,172.002906952,88,53,200
n,86.005813757,86.5390085453,168.026783579,89,61,204
n,93.0,88.0,172.011627514,92,56,210
n,99.1614844584,94.936821097,167.002993985,87,55,201
n,102.69371938,99.4032192638,168.01190434,84,55,214
n,95.634721728,92.3092628072,170.011764299,85,57,214
n,86.0232526704,90.3769882216,173.002890149,79,61,215
h,88.0056816348,83.0060238778,172.0,62,79,233
h,88.0227243387,91.3892772704,173.011560307,55,88,245
h,92.8493403315,82.0548596976,173.002890149,46,100,256
h,86.0232526704,81.0061726043,170.002941151,43,102,255
h,86.005813757,81.0,168.01190434,44,103,260
h,92.8493403315,90.2496537389,176.002840886,42,101,260
h,93.0483745156,92.8493403315,174.0,42,99,256
h,92.6984358013,93.6215787092,171.011695506,47,95,247
h,89.0,93.6215787092,172.002906952,52,93,244
h,87.0057469366,92.1357693841,171.002923952,70,80,222
h,96.2548700067,84.0059521701,171.002923952,77,78,213
n,89.0056178002,82.0060973343,171.002923952,84,57,214
n,88.0056816348,82.0,172.002906952,83,56,204
n,89.0224690738,83.0060238778,169.002958554,83,57,204
n,89.0056178002,92.6120942426,166.012047756,87,59,211
n,94.936821097,90.3769882216,165.027270474,84,59,203
n,88.0227243387,88.7693640847,167.011975619,82,59,204
n,98.6154146166,84.0238061504,170.011764299,85,54,201
n,87.0057469366,80.0062497559,167.002993985,85,56,196
n,89.0056178002,83.0963296422,163.003067456,91,56,219
n,88.0908621822,89.0505474436,168.01190434,85,60,201
